Head,Date,Url
[전체] [인문사회 융합인재양성사업단] ‘함께 만드는 HUSS’ 학생 설문조사안내,2026-10-02,https://www.smu.ac.kr/kor/life/notice.do?mode=view&articleNo=769262&srCampus=smu&article.offset=0&articleLimit=10
[전체] [의사소통능력개발센터(서울)] 2026학년도 2학기 상명 토론대회 안내(일정변경),2026-10-02,https://www.smu.ac.kr/kor/life/notice.do?mode=view&articleNo=769258&srCampus=smu&article.offset=0&articleLimit=10
[전체] [의사소통능력개발센터(서울)] 프레젠테이션대회(국어) 특강 진행,2026-10-02,https://www.smu.ac.kr/kor/life/notice.do?mode=view&articleNo=769252&srCampus=smu&article.offset=0&articleLimit=10
[전체] [대외협력팀] 2026 동계 어학연수 프로그램 모집 공고,2026-10-02,https://www.smu.ac.kr/kor/life/notice.do?mode=view&articleNo=769248&srCampus=smu&article.offset=0&articleLimit=10
[전체] [상명사회봉사단] 2026년도 종로 가족사랑 어울림 한마당 봉사활동 모집,2026-10-02,https://www.smu.ac.kr/kor/life/notice.do?mode=view&articleNo=769243&srCampus=smu&article.offset=0&articleLimit=10
[전체] [슈어소프트테크] 2027년 신입사원 공개채용 안내,2026-10-02,https://www.smu.ac.kr/kor/life/notice.do?mode=view&articleNo=769241&srCampus=smu&article.offset=0&articleLimit=10
[전체] [혁신] 2026학년도 학문후속세대 인재양성 연구혁신 프로그램 해커톤 개최(참가자 모집),2026-10-02,https://www.smu.ac.kr/kor/life/notice.do?mode=view&articleNo=769264&srCampus=smu&article.offset=0&articleLimit=10
[전체] [취업진로지원팀] 10월 2주차 주간 채용(인턴) 정보,2026-10-02,https://www.smu.ac.kr/kor/life/notice.do?mode=view&articleNo=769261&srCampus=smu&article.offset=0&articleLimit=10
[컴과] [졸업전시회] 2026학년도 캡스톤디자인 졸업작품 전시회 (10.8.목),2026-10-02,https://cs.smu.ac.kr/cs/community/notice.do?mode=view&articleNo=769251&article.offset=0&articleLimit=10
[전체] [학사운영팀] 2026년도 4차 평생교육사 자격증 신청 안내,2026-10-01,https://www.smu.ac.kr/kor/life/notice.do?mode=view&articleNo=769238&srCampus=smu&article.offset=0&articleLimit=10
[전체] 2026년 우양재단 동행장학생 모집 안내,2026-10-01,https://www.smu.ac.kr/kor/life/notice.do?mode=view&articleNo=769228&srCampus=smu&article.offset=0&articleLimit=10
[전체] 가족돌봄 청소년/청년 자기돌봄비 지원 사업안내,2026-10-01,https://www.smu.ac.kr/kor/life/notice.do?mode=view&articleNo=769210&srCampus=smu&article.offset=0&articleLimit=10
[전체] [대외협력팀] 2027학년도 2학기 파견 디즈니 국제 교환 프로그램 참가자 모집,2026-10-01,https://www.smu.ac.kr/kor/life/notice.do?mode=view&articleNo=769217&srCampus=smu&article.offset=0&articleLimit=10
[전체] [주한이탈리아대사관] 이탈리아 유학 박람회 안내,2026-10-01,https://www.smu.ac.kr/kor/life/notice.do?mode=view&articleNo=769215&srCampus=smu&article.offset=0&articleLimit=10
[전체] [산학협력단] 상명대학교 미래산학관(K관) 입주기업 모집 공고,2026-09-30,https://www.smu.ac.kr/kor/life/notice.do?mode=view&articleNo=769205&srCampus=smu&article.offset=0&articleLimit=10
[전체] [학생복지팀] 희망사다리 장학생 대상 대전 일자리 박람회 홍보,2026-09-30,https://www.smu.ac.kr/kor/life/notice.do?mode=view&articleNo=769200&srCampus=smu&article.offset=0&articleLimit=10
[전체] [혁신] 2026학년도 ICG 분야 실증기반 연구 프로그램 연구팀 모집,2026-09-30,https://www.smu.ac.kr/kor/life/notice.do?mode=view&articleNo=769196&srCampus=smu&article.offset=0&articleLimit=10
[전체] [상명사회봉사단] 서울국제노인영화제 함께하G 봉사활동 모집,2026-09-30,https://www.smu.ac.kr/kor/life/notice.do?mode=view&articleNo=769193&srCampus=smu&article.offset=0&articleLimit=10
[전체] [취업진로지원팀] 2027년도 전국 지역인재 7급 수습직원 선발시험 주요 변경사항 안내,2026-09-30,https://www.smu.ac.kr/kor/life/notice.do?mode=view&articleNo=769199&srCampus=smu&article.offset=0&articleLimit=10
[전체] [혁신] 2026학년도 학문후속세대 인재양성 연구혁신 프로그램 학술대회 개최 안내(참가자 모집),2026-09-29,https://www.smu.ac.kr/kor/life/notice.do?mode=view&articleNo=769173&srCampus=smu&article.offset=0&articleLimit=10
"[전체] [교수학습혁신센터(서울)] 2026학년도 2학기 WIDEEP 기초학력향상 비교과 프로그램 안내 및 신청(서울,천안)",2026-09-29,https://www.smu.ac.kr/kor/life/notice.do?mode=view&articleNo=769172&srCampus=smu&article.offset=0&articleLimit=10
[전체] [교수학습혁신센터(서울)] 2026학년도 2학기 학생 디지털 역량강화 교육 신청 안내,2026-09-29,https://www.smu.ac.kr/kor/life/notice.do?mode=view&articleNo=769143&srCampus=smu&article.offset=0&articleLimit=10
[전체] [상명사회봉사단] 2026학년도 제2차 리필스테이션 운영 봉사활동 모집,2026-09-29,https://www.smu.ac.kr/kor/life/notice.do?mode=view&articleNo=769138&srCampus=smu&article.offset=0&articleLimit=10
[전체] [혁신IR센터] 2026년 교육수요자 만족도조사 지원 인력 모집,2026-09-29,https://www.smu.ac.kr/kor/life/notice.do?mode=view&articleNo=769156&srCampus=smu&article.offset=0&articleLimit=10
"[전체] [국제언어문화교육원] 중국어, 일본어, 영어 언어 교환(Language Exchange) 희망 학생 모집",2026-09-29,https://www.smu.ac.kr/kor/life/notice.do?mode=view&articleNo=769150&srCampus=smu&article.offset=0&articleLimit=10
[전체] [상명사회봉사단] 2026학년도 제3차 생명을 살리는 사회공헌활동 사랑의 헌혈운동 안내,2026-09-29,https://www.smu.ac.kr/kor/life/notice.do?mode=view&articleNo=769141&srCampus=smu&article.offset=0&articleLimit=10
[전체] [의사소통능력개발센터(서울)] 2026학년도 2학기 프레젠테이션대회(영어) 안내,2026-09-28,https://www.smu.ac.kr/kor/life/notice.do?mode=view&articleNo=769085&srCampus=smu&article.offset=0&articleLimit=10
[전체] [의사소통능력개발센터(서울)] 2026학년도 2학기 프레젠테이션대회(국어) 안내,2026-09-28,https://www.smu.ac.kr/kor/life/notice.do?mode=view&articleNo=769084&srCampus=smu&article.offset=0&articleLimit=10
[전체] 2026년도 하반기 (재)논산시장학회 학업장려 장학생 선발 안내,2026-09-28,https://www.smu.ac.kr/kor/life/notice.do?mode=view&articleNo=769111&srCampus=smu&article.offset=0&articleLimit=10
[전체] 2026년 수뭉이 추석 인사말 카드 이미지 안내,2026-09-23,https://www.smu.ac.kr/kor/life/notice.do?mode=view&articleNo=769062&srCampus=smu&article.offset=0&articleLimit=10
[컴과] [졸업] 2026학년도 제2학기 포트폴리오 졸업인증제 신청 안내,2026-09-09,https://cs.smu.ac.kr/cs/community/notice.do?mode=view&articleNo=768543&article.offset=0&articleLimit=10
[전체] 2026년 하반기 인재육성 장학생 선발계획 공고 안내(기간 연장),2026-09-07,https://www.smu.ac.kr/kor/life/notice.do?mode=view&articleNo=768425&srCampus=smu&article.offset=0&articleLimit=10
[컴과] [재수강] 2026학년도 제2학기 재수강 대체 교과목에 대한 재수강 신청 안내(~10.12.(월) 12시까지),2026-09-07,https://cs.smu.ac.kr/cs/community/notice.do?mode=view&articleNo=768410&article.offset=0&articleLimit=10
[컴과] [공지] 편입생 전공 졸업이수학점 변경 안내,2026-09-04,https://cs.smu.ac.kr/cs/community/notice.do?mode=view&articleNo=768386&article.offset=0&articleLimit=10
[전체] [학사운영팀] 2026학년도 제2학기 이수구분 정정 신청 안내,2026-08-24,https://www.smu.ac.kr/kor/life/notice.do?mode=view&articleNo=767984&srCampus=smu&article.offset=0&articleLimit=10
[컴과] [학사운영팀] 2026학년도 제2학기 K-MOOC 학점인정 안내,2026-08-21,https://cs.smu.ac.kr/cs/community/notice.do?mode=view&articleNo=767942&article.offset=0&articleLimit=10
[컴과] 2026학년도 전체 재학생 대상 SM-IN 핵심역량 진단,2026-06-09,https://cs.smu.ac.kr/cs/community/notice.do?mode=view&articleNo=766347&article.offset=0&articleLimit=10
[전체] [취업진로지원팀] MentorLink System 이용 안내,2026-05-18,https://www.smu.ac.kr/kor/life/notice.do?mode=view&articleNo=765873&srCampus=smu&article.offset=0&articleLimit=10
[컴과] [마감][장학] 2026학년도 1학기 면학B장학금(2차) 선발 및 신청 안내 (~5/21),2026-05-14,https://cs.smu.ac.kr/cs/community/notice.do?mode=view&articleNo=765787&article.offset=0&articleLimit=10
"[전체] [취업진로지원팀] 2026학년도 온라인 취업지원서비스(잡플래닛, 에듀스, 코멘토) 이용 안내",2026-03-04,https://www.smu.ac.kr/kor/life/notice.do?mode=view&articleNo=763529&srCampus=smu&article.offset=0&articleLimit=10
[컴과] [수업] 전자출결시스템(헤이영캠퍼스) 사용 및 출결관리 유의 사항 안내,2026-03-02,https://cs.smu.ac.kr/cs/community/notice.do?mode=view&articleNo=763462&article.offset=0&articleLimit=10
"[전체] [취업진로지원팀] 청년 어학, 자격시험 응시료 지원사업 안내",2026-02-25,https://www.smu.ac.kr/kor/life/notice.do?mode=view&articleNo=763309&srCampus=smu&article.offset=0&articleLimit=10
[컴과] [교직] 2025학년도 비사범계 교직과정 이수 희망 신청 안내(추가 선발),2025-11-12,https://cs.smu.ac.kr/cs/community/notice.do?mode=view&articleNo=760931&article.offset=0&articleLimit=10
[컴과] [현장실습·일경험지원팀(서울)] 2025학년도 동계방학 현장실습학기제 참여 학생 모집 안내,2025-10-30,https://cs.smu.ac.kr/cs/community/notice.do?mode=view&articleNo=760534&article.offset=0&articleLimit=10
[컴과] 2025학년도 2학기 융합공과대학 선후배이어주기 멘토 모집 안내,2025-10-17,https://cs.smu.ac.kr/cs/community/notice.do?mode=view&articleNo=760236&article.offset=0&articleLimit=10
[컴과] 2025학년도 컴퓨터과학전공 졸업작품 전시회 개최,2025-09-29,https://cs.smu.ac.kr/cs/community/notice.do?mode=view&articleNo=759899&article.offset=0&articleLimit=10
"[컴과] [교무처] 2025학년도 제2학기 포트폴리오 졸업인증제(논문,작품,시험,대체 등) 신청 안내",2025-09-24,https://cs.smu.ac.kr/cs/community/notice.do?mode=view&articleNo=759827&article.offset=0&articleLimit=10
[컴과] [교무처] 대학 제·증명서 발급 홈페이지 및 운영 방법 변경 안내,2025-09-02,https://cs.smu.ac.kr/cs/community/notice.do?mode=view&articleNo=759013&article.offset=0&articleLimit=10
"[컴과] [안내] 컴퓨터과학전공 역량 (교과목별 비율, 확인방법 포함)",2024-05-03,https://cs.smu.ac.kr/cs/community/notice.do?mode=view&articleNo=746469&article.offset=0&articleLimit=10
[컴과] 💫💫상명대학교 교내 학생 참여 프로그램 및 장학금 모음💫💫  (25.09.19. 업데이트),2024-03-21,https://cs.smu.ac.kr/cs/community/notice.do?mode=view&articleNo=745222&article.offset=0&articleLimit=10
[컴과] [공지] 실습실 등 철야신청 방법 관련 안내,2024-01-11,https://cs.smu.ac.kr/cs/community/notice.do?mode=view&articleNo=742696&article.offset=0&articleLimit=10
